slug,agency,ret_2024
-el-cajon-pd-ca,El Cajon CA PD,30
-spokane-county-wa-so,Spokane County WA SO,30
akron-oh-pd,Akron OH PD,30
alameda-ca-pd,Alameda CA PD,30
alexandria-va-pd,Alexandria VA PD,30
allen-park-pd-mi,Allen Park PD MI,30
altoona-ia-pd,Altoona IA PD,30
altoona-wi-pd,Altoona WI PD,30
amberley-village-oh-pd,Amberley Village OH PD,30
amherst-oh-pd,Amherst OH PD,30
anoka-county-mn-so,Anoka County MN SO,30
apache-junction-az-pd,Apache Junction AZ PD,30
app-state-university-nc-pd,App State University NC PD,30
aransas-pass-tx-pd,Aransas Pass TX PD,30
arcanum-oh-pd,Arcanum OH PD,30
arlington-pd-wa,Arlington PD (WA),30
arlington-tx-pd,Arlington TX PD,30
atherton-ca-pd,Atherton CA PD,365
aubrey-tx-pd,Aubrey TX PD,30
avon-in-pd,Avon IN PD,30
bainbridge-township-oh-pd,Bainbridge Township OH PD,30
barling-ar-pd,Barling AR PD,30
barstow-ca-pd,Barstow CA PD,30
baytown-tx-pd,Baytown TX PD,30
beecher-il-pd,Beecher IL PD,30
bel-aire-ks-pd,Bel Aire KS PD,-Infinity
belle-isle-fl-pd,Belle Isle FL PD,30
bellefontaine-oh-pd,Bellefontaine OH PD,30
belmont-nc-pd,Belmont NC PD,30
benicia-ca-pd,Benicia CA PD,30
bessemer-city-nc-pd,Bessemer City NC PD,30
blairsville-ga-pd,Blairsville GA PD,30
bluffton-in-pd,Bluffton IN PD,30
bratenahl-oh-pd,Bratenahl OH PD,30
brawley-ca-pd,Brawley CA PD,30
bridgewater-va-pd,Bridgewater VA PD,30
buckeye-az-pd,Buckeye AZ PD,30
buda-tx-pd,Buda TX PD,30
buena-park-ca-pd,Buena Park CA PD,30
butler-county-ks-so,Butler County KS SO,30
cabot-ar-pd,Cabot AR PD,30
calistoga-ca-pd,Calistoga CA PD,30
campbell-ca-pd,Campbell CA PD,30
carmel-ca-pd,Carmel CA PD,30
castle-rock-co-pd,Castle Rock CO PD,30
catawba-nation-tribal-sc-pd-,Catawba Nation Tribal SC PD,30
cathedral-city-ca-pd,Cathedral City CA PD,30
cayuga-heights-village-ny-pd,Cayuga Heights Village NY PD,30
cedar-lake-in-pd,Cedar Lake IN PD,30
centralia-pd-wa,Centralia PD (WA),30
chadbourn-nc-pd,Chadbourn NC PD,30
champaign-il-pd,Champaign IL PD,30
chase-city-va-pd,Chase City VA PD,30
cheshire-ct-pd,Cheshire CT PD,30
chester-county-sc-so,Chester County SC SO,30
chesterfield-mo-pd,Chesterfield MO PD,30
city-of-riverside-ca-pd-,City of Riverside CA PD,30
claflin-university-sc-pd,Claflin University SC PD,30
clearlake-ca-pd,Clearlake CA PD,30
cleveland-county-so-,Cleveland County NC SO,30
clinton-ia-pd,Clinton IA PD,30
clive-ia-pd,Clive IA PD,30
co-lafayette-pd,Lafayette CO PD,30
colma-ca-pd,Colma CA PD,30
columbus-nc-pd,Columbus NC PD,30
contra-costa-county-ca-so,Contra Costa County CA SO,365
coronado-ca-pd,Coronado CA PD,365
costa-mesa-ca-pd,Costa Mesa CA PD,365
council-bluffs-ia-pd,Council Bluffs IA PD,30
cranston-ri-pd,Cranston RI PD,30
craven-county-abc-board-nc,Craven County ABC Board (NC),30
creedmoor-nc-pd,Creedmoor NC PD,30
culpeper-va-pd-,Culpeper VA PD,30
culver-city-ca-pd,Culver City CA PD,30
danville-ca-pd,Danville CA PD,365
davie-county-nc-so,Davie County NC SO,30
dayton-oh-pd,Dayton OH PD,30
del-city-ok-pd,Del City OK PD,30
derby-ks-pd,Derby KS PD,30
dixon-ca-pd,Dixon CA PD,30
dublin-oh-pd,Dublin OH PD,30
dublin-va-pd,Dublin VA PD,30
east-providence-ri-pd,East Providence RI PD,30
eatonville-wa-pd,Eatonville WA PD,15
edgewater-co-pd,Edgewater CO PD,30
edina-mn-pd,Edina MN PD,30
edison-nj-pd,Edison NJ PD,NA
edmond-ok-pd,Edmond OK PD,30
el-cerrito-ca-pd,El Cerrito CA PD,30
elgin-sc-pd,Elgin SC PD,30
elizabethtown-nc-pd,Elizabethtown NC PD,30
elmira-city-ny-pd,Elmira City NY PD,30
euclid-oh-pd,Euclid OH PD,30
evanston-il-pd,Evanston IL PD,30
evendale-oh-pd,Evendale OH PD,30
fairfax-city-va-pd,Fairfax City VA PD,30
fairfield-ca-pd,Fairfield CA PD,30
fairfield-oh-pd,Fairfield OH PD,30
ferndale-mi-pd,Ferndale MI PD,NA
flock-safety-admins,Flock - Admin,30
flock-safety-le-training,Flock Safety LE Training,30
flock-safety-marketing,Flock Safety - Marketing,-Infinity
flock-safety-sales,Flock Safety - Sales,30
florida-le-flock-training,Florida LE Flock Training,-Infinity
folly-beach-sc-pd,Folly Beach SC PD,30
forest-heights-md-pd,Forest Heights MD PD,30
forest-park-oh-pd,Forest Park OH PD,30
fort-smith-ar-pd,Fort Smith AR PD,30
foster-city-ca-pd,Foster City CA PD,30
franklin-ma-pd,Franklin MA PD,30
franklinton-nc-pd,Franklinton NC PD,30
galt-ca-pd,Galt CA PD,30
genoa-township-oh-pd-,Genoa Township OH PD,30
gilroy-ca-pd,Gilroy CA PD,30
granby-co-pd,Granby CO PD,30
grand-island-ne-pd,Grand Island NE PD,30
grand-traverse-county-mi-so,Grand Traverse County MI SO,30
grandview-heights-oh-pd,Grandview Heights OH PD,30
grass-valley-ca-pd,Grass Valley CA PD,30
great-parks-of-hamilton-county-oh-pd,Great Parks of Hamilton County OH PD,30
green-bay-wi-pd,Green Bay WI PD,30
greenfield-in-pd,Greenfield IN PD,30
greensboro-nc-pd,Greensboro NC PD,30
grover-beach-ca-pd,Grover Beach CA PD,30
gurnee-il-pd,Gurnee IL PD,30
hall-county-ne-so,Hall County NE SO,30
hamilton-county-oh-so,Hamilton County OH SO,30
hamilton-township-oh-pd,Hamilton Township OH PD,30
hamlet-pd-,Hamlet NC PD,30
hampton-va-pd,Hampton VA PD,30
hanover-park-il-pd-,Hanover Park IL PD,30
heath-oh-pd,Heath OH PD,30
hemet-ca-pd-,Hemet CA PD,30
henderson-county-nc-so-,Henderson County NC SO,30
hendricks-county-in-so,Hendricks County IN SO,30
hercules-ca-pd,Hercules CA PD,30
hesston-ks-pd,Hesston KS PD,30
highland-park-mi-pd,Highland Park MI PD,30
hilliard-oh-pd,Hilliard OH PD,30
hillsborough-ca-pd,Hillsborough CA PD,30
hoke-county-nc-so,Hoke County NC SO,30
holland-oh-pd,Holland OH PD,30
hubbard-oh-pd,Hubbard OH PD,30
hudson-nc-pd,Hudson NC PD,30
huntersville-pd-nc,Huntersville PD NC,30
huntsville-airport-al-pd,Huntsville Airport AL PD,30
indialantic-fl-pd,Indialantic FL PD,30
indian-hill-oh-pd,Indian Hill OH PD,30
jackson-mi-pd,Jackson MI PD,30
jackson-township-oh-pd-mahoning-county,Jackson Township OH PD (Mahoning County),30
jemison-al-pd,Jemison AL PD,30
johnson-county-in-so,Johnson County IN SO,30
johnston-ri-pd,Johnston RI PD,30
junction-city-ks-pd,Junction City KS PD,30
jupiter-inlet-colony-fl-pd,Jupiter Inlet Colony FL PD,30
kearney-ne-pd,Kearney NE PD,30
kent-wa-pd,Kent WA PD,30
kern-county-ca-so-,Kern County CA SO,30
kings-county-ca-das-office,Kings County CA DAs Office,30
lafayette-la-pd,Lafayette LA PD,30
lafayette-pd-in,Lafayette IN PD,30
lake-county-ca-so,Lake County CA SO,30
lakewood-wa-pd,Lakewood WA PD,30
lander-university-sc-pd,Lander University SC PD,30
largo-fl-pd,Largo FL PD,365
lawton-ok-pd,Lawton OK PD,30
lexington-sc-pd,Lexington SC PD,30
lincoln-ca-pd,Lincoln CA PD,30
lockney-pd-tx,Lockney TX PD,30
lodi-ca-pd,Lodi CA PD,30
lone-peak-ut-pd,Lone Peak UT PD,30
lorain-oh-pd,Lorain OH PD,30
los-altos-ca-pd,Los Altos CA PD,30
los-gatos-ca-pd,Los Gatos Monte Sereno PD - CA,30
louisville-co-pd,Louisville CO PD,30
loveland-oh-pd,Loveland OH PD,30
madison-sd-pd-,Madison SD PD,30
mahoning-twp-pa-pd,Mahoning Twp PA PD,30
mansfield-oh-pd,Mansfield OH PD,30
maple-bluff-wi-pd,Maple Bluff WI PD,30
maple-grove-mn-pd,Maple Grove MN PD,30
margaret-al-pd,Margaret AL PD,30
marine-city-mi-pd,Marine City MI PD,30
marion-county-oh-so,Marion County OH SO,30
marion-oh-pd,Marion OH PD,-Infinity
marysville-oh-pd,Marysville OH PD,30
mchenry-il-pd,McHenry IL PD,NA
medina-wa-pd,Medina WA PD,30
menifee-ca-pd,Menifee CA PD,30
mentor-on-the-lake-oh-pd,Mentor on the Lake OH PD,30
miami-county-oh-so,Miami County OH SO,30
miami-township-oh-pd-clermont,Miami Township OH PD (Clermont),30
michigan-city-in-pd,Michigan City IN PD,30
middleburg-heights-oh-pd,Middleburg Heights OH PD,30
milan-mi-pd,Milan MI PD,30
mint-hill-nc-pd,Mint Hill NC PD,30
monrovia-ca-pd,Monrovia CA PD,30
monterey-park-ca-pd,Monterey Park CA PD,30
montgomery-twp-nj-pd,Montgomery TWP NJ PD,NA
mooresville-in-pd,Mooresville IN PD,30
mooresville-nc-pd,Mooresville NC PD,30
morgan-hill-ca-pd,Morgan Hill CA PD,30
morgans-point-pd-tx,Morgan's Point PD TX,30
morgans-point-resort-tx-pd,Morgan's Point Resort TX PD,30
moundville-al-pd,Moundville AL PD,30
mount-dora-fl-pd,Mount Dora FL PD,-Infinity
mount-vernon-oh-pd,Mount Vernon OH PD,30
mt-holly-nc-pd,Mount Holly NC PD,30
muncie-in-pd,Muncie IN PD,30
murrieta-ca-pd,Murrieta CA PD,30
muskegon-mi-pd,Muskegon MI PD,30
muskogee-ok-pd,Muskogee OK PD,30
napa-ca-pd,Napa CA PD,30
napa-county-ca-so,Napa County CA SO,30
napoleon-twp-mi-pd,Napoleon Twp MI PD,30
nashville-nc-pd-,Nashville NC PD,30
nc-fuquay-varina-pd,Fuquay-Varina NC PD,30
nevada-county-ca-so,Nevada County CA SO,30
newport-news-va-pd,Newport News VA PD,30
niles-oh-pd,Niles OH PD,30
normal-il-pd-,Normal IL PD,365
north-college-hill-oh-pd,North College Hill OH PD,30
north-royalton-oh-pd,North Royalton OH PD,30
northlake-tx-pd,Northlake TX PD,30
novato-ca-pd,Novato CA PD,30
oak-park-il-pd,Oak Park IL PD,30
oakley-ca-pd,Oakley CA PD,30
oberlin-oh-pd,Oberlin OH PD,30
odessa-tx-pd,Odessa TX PD,30
ohio-le-flock-training,Ohio LE Flock Training,NA
olmsted-falls-oh-pd,Olmsted Falls OH PD,30
ontario-oh-pd,Ontario OH PD,30
oroville-ca-pd,Oroville CA PD,30
osage-county-ok-so,Osage County OK SO,30
pacific-grove-ca-pd,Pacific Grove CA PD,30
palm-springs-ca-pd,Palm Springs CA PD,30
palo-alto-ca-pd,Palo Alto CA PD,30
park-city-ks-pd,Park City KS PD,30
parsons-ks-pd,Parsons KS PD,30
pawtucket-ri-pd,Pawtucket RI PD,30
paxton-il-pd-,Paxton IL PD,30
peotone-il-pd-,Peotone IL PD,30
pflugerville-tx-pd,Pflugerville TX PD,30
piedmont-ca-pd,Piedmont CA PD,30
pierce-township-oh-pd,Pierce Township OH PD,30
pineville-nc-pd,Pineville NC PD,30
pittsboro-in-pd,Pittsboro IN PD,30
pittsboro-nc-pd,Pittsboro NC PD,NA
pittsburg-ks-pd,Pittsburg KS PD,30
placer-county-ca-so,Placer County CA SO,30
polkton-nc-pd,Polkton NC PD,30
pontiac-il-pd,Pontiac IL PD,30
port-clinton-oh-pd,Port Clinton OH PD,30
port-hueneme-ca-pd,Port Hueneme CA PD,30
portage-mi-pd,Portage MI PD,30
porter-county-in-so,Porter County IN SO,30
powell-oh-pd,Powell OH PD,30
providence-pd-npd-lpr-study-ri,Providence RI PD,30
puyallup-wa-pd,Puyallup WA PD,30
raleigh-nc-pd,Raleigh NC PD,30
rantoul-il-pd,Rantoul IL PD,30
redwood-city-ca-pd,Redwood City CA PD,30
rhode-island-college-campus-ri-pd,Rhode Island College Campus RI PD,30
richland-county-oh-so,Richland County OH SO,30
richland-pd-wa,Richland PD WA,30
richmond-ca-pd,Richmond CA PD,30
richmond-va-pd,Richmond VA PD,30
rio-vista-ca-pd,Rio Vista CA PD,30
river-rouge-mi-pd,River Rouge MI PD,30
roanoke-va-pd,Roanoke VA PD,30
rockport-tx-pd-,Rockport TX PD,30
roselle-il-pd-,Roselle IL PD,30
rossford-oh-pd,Rossford OH PD,30
rossville-ga-pd,Rossville GA PD,30
round-rock-tx-pd,Round Rock TX PD,30
roxboro-nc-pd,Roxboro NC PD,30
san-diego-ca-pd,San Diego CA PD,30
san-joaquin-county-ca-so,San Joaquin County CA SO,30
san-jose-ca-pd,San Jose CA PD,365
san-leandro-pd-ca,San Leandro CA PD,30
san-marino-ca-pd,San Marino CA PD,365
san-mateo-ca-pd,San Mateo CA PD,30
san-mateo-county-ca-so,San Mateo County CA SO,30
san-rafael-ca-pd,San Rafael CA PD,30
santa-barbara-pd-ca,Santa Barbara PD CA,30
santa-clara-ca-pd,Santa Clara CA PD,30
santa-clara-county-ca-so,Santa Clara County CA SO,30
saratoga-ca-pd,DNU,-Infinity
sarpy-county-ne-so,Sarpy County NE SO,30
sc-college-of-charleston-department-of-public-safety,SC - College of Charleston Department of Public Safety,-Infinity
scottsbluff-ne-pd,Scottsbluff NE PD,30
seaside-ca-pd,Seaside CA PD,30
seelyville-in-pd,Seelyville IN PD,30
sequoias-community-college-district-ca-pd,Sequoias Community College District CA PD,30
sharpsburg-nc-pd,Sharpsburg NC PD,30
sheffield-village-oh-pd,Sheffield Village OH PD,30
shelby-county-in-so,Shelby County IN SO,30
shelby-county-tn-so,Shelby County TN SO,30
shrewsbury-mo-pd,Shrewsbury MO PD,30
simi-valley-ca-pd,Simi Valley CA PD,30
smithfield-ri-pd,Smithfield RI PD,30
south-san-francisco-ca-pd,South San Francisco CA PD,30
springdale-oh-pd,Springdale OH PD,30
springfield-il-pd,Springfield IL PD,30
st-helena-ca-pd,St. Helena CA PD,30
st-joseph-mo-pd,St. Joseph MO PD,30
st-louis-county-mn-so,St. Louis County MN SO,30
st-pauls-nc-pd,St Pauls NC PD,30
sterling-heights-mi-pd,Sterling Heights MI PD,30
sumpter-twp-mi-pd,Sumpter Twp MI PD,30
surfside-beach-sc-pd,Surfside Beach SC PD,30
sylvania-oh-pd,Sylvania OH PD,30
tabor-city-nc-pd,Tabor City NC PD,30
temple-ga-pd,Temple GA PD,30
thomasville-ga-pd,Thomasville GA PD,30
tipp-city-oh-pd,Tipp City OH PD,30
town-of-connelley-springs-nc,Town of Connelly Springs/Burke Co SO (BCSO) NC,30
town-of-woodside-ca-smcso,Town of Woodside CA (SMCSO),60
tracy-ca-pd,Tracy CA PD,30
trophy-club-tx-pd,Trophy Club TX PD,30
trotwood-oh-pd,Trotwood OH PD,30
troy-mi-pd-,Troy MI PD,30
truckee-ca-pd,Truckee CA PD,30
tukwila-wa-pd,Tukwila WA PD,30
tulsa-ok-pd,Tulsa OK PD,30
ukiah-pd-ca,Ukiah CA PD,30
union-city-ca-pd,Union City CA PD,30
university-of-iowa-pd-ia,University of Iowa PD (IA),30
university-of-louisiana-at-lafayette-pd,University of Louisiana at Lafayette PD,30
upland-ca-pd-,Upland CA PD,30
urbandale-ia-pd,Urbandale IA PD,30
vacaville-ca-pd,Vacaville CA PD,30
vallejo-ca-pd,Vallejo CA PD,30
vernon-hills-il-pd,Vernon Hills IL PD,30
village-of-bloomingdale-il-pd,Village of Bloomingdale IL PD,30
wadsworth-oh-pd,Wadsworth OH PD,30
warren-county-oh-so,Warren County OH SO,30
warrick-co-in-so,Warrick County IN SO,30
warsaw-nc-pd,Warsaw NC PD,NA
warwick-ri-pd,Warwick RI PD,30
watsonville-ca-pd,Watsonville CA PD,30
waxhaw-nc-pd,Waxhaw NC PD,30
wayzata-mn-pd,Wayzata MN PD,30
webster-groves-mo-pd,Webster Groves MO PD,30
wellington-ks-pd,Wellington KS PD,30
wells-county-in-so,Wells County IN SO,30
wentzville-mo-pd,Wentzville MO PD,30
west-covina-ca-pd,West Covina CA PD,30
west-des-moines-ia-pd,West Des Moines IA PD,30
west-lafayette-in-pd,West Lafayette IN PD,30
west-milton-oh-pd,West Milton OH PD,30
westerville-oh-pd,Westerville OH PD,30
westminster-ca-pd,Westminster CA PD,30
whitehall-oh-pd,Whitehall OH PD,30
whiteville-nc-pd,Whiteville NC PD,30
wichita-ks-pd,Wichita KS PD,30
wolverine-lake-mi-pd,Wolverine Lake MI PD,30
woodstock-ga-pd,Woodstock GA PD,30
woodstock-va-pd,Woodstock VA PD,30
woonsocket-ri-pd,Woonsocket RI PD,30
worthington-oh-pd,Worthington OH PD,30
wright-city-mo-pd,Wright City MO PD,30
wytheville-va-pd,Wytheville VA PD,30
yakima-wa-pd,Yakima WA PD,30
yuba-county-ca-so,Yuba County Sheriffs Office,NA
